Team ID,Team Name,Team Lead Name,Team Lead Mail ID,Team Lead Contact,College Name
AV_001,ZenithX,Shaik Rizwana,shaikrizwana10a@gmail.com,9281057369,Vignan's Institute of Information Technology
AV_002,Orion pax,Mohamed khaja eshaq,mdsohel46940@gmail.com,917396987687,Vignan's Institute of Information Technology 
AV_003,CodeApex,Sahu Ganeswar,ganeswarasahu243@gmail.com,919676288125,Vignan institute of information technology 
AV_004,The wayfinders,Mounikapatnaik,donkadamounikapatnaik@gmail.com,917569844693,Vignans institute of information technology 
AV_005,SAMNOVA,V.Mahasri,vmahasri2307@gmail.com,919182501442,Vignan's institute of Information technology 
AV_006,Team null,P.Ratna Prasad,ratnaprasad2321@gmail.com,919949603452,Vignans institute of information technology 
AV_007,Consensus Crew,T.Satvika,tatasatvika2007@gmail.com,918309804670,Vignan's Institute of Information Technology
AV_008,GTA VI SQUAD,USSE NERUPA ROY,Pudibindumadhuri@gmail.com,916302500380,vignan's institute of information technology
AV_009,Yatra AI,Karri Mohan Teja,mohanteja642@gmail.com,917093025863,Vignan's Institute of Information Technology
AV_010,Travel Pulse AI,KUSHMITHA SAI SREE,kusmithamulakalapalli@gmail.com,916309932458,VIGNAN INSTITUTE OF INFORMATION AND TECHNOLOGY 
AV_011,Codex,Kommana shanmukh,shanmukhkommana.08@gmail.com,919866028388,Vignan institute of information technology 
AV_012,NeuroNauts,M. Jay Shivendra,jayshivendra@gmail.com,917013448523,Vignan's Institute Of Information and Technology
AV_013,QuadBots,Satti Meghana,sattimeghana422007@gmail.com,919492477453,Vignan's Institute of Engineering For Women 
AV_014,Tangled,D.Bhavya Sri,dadibhavya08@gmail.com,916302812489,Vignan Institute of information technology 
AV_015,Spotlight,Singupurapu Srihari,singupurapusrihari1105@gmail.com,917995104211,Raghu Engineering College
AV_016,NeoScholars,V Haswanth,vaddadhihaswanth88@gmail.com,918074436410,Gayatri vidhya parishad 
AV_017,Team Titan-X,Pasumarthi Bhagavan,bhagavanp7705@gmail.com,917075252424,NSRIT
AV_018,AgentX,S.Jogeswar,jogeswarsaripalli2011867@gmail.com,918688509171,VIGNAN'S INSTITUTE OF INFORMATION TECHNOLOGY 
AV_019,API ARCHITECTS,Kalyan kishore,yogendhar860@gmail.com,918367445669,VIGNAN institute of information technology 
AV_020,HackHive,P. Minni,pasupuletiminni@gmail.com,918500486124,Vignan's Institute of Information Technology
AV_021,Sathi yatra,Sharmila,hjpws2020@gmail.com,917569096483,Vignan institute of engineering for women's 
AV_022,FantasticFour,Venkata Durgesh Dayantri,durgeshdayantri999@gmail.com,917396894498,Lendi institute of engineering and technology 
AV_023,viva la vida,PANCHADARLA KEERTHAN,panchadarlakeerthan@gmail.com,919542796765,Vignan's institute of information technology 
AV_024,NeuraNauts,Harshitha Konchada,konchadaharshitha76@gmail.com,918247385347,Vignan's Institute of Engineering for women 
AV_025,Qwen X,Juhi Vardhan,paravastujuhivardhan@gmail.com,919949982980,Gitam university 
AV_026,Nextgen minds,sidhu vinay,sidhuvinay2615@gmail.com,917702703999,vignan institute of information technology
AV_027,QuadCore,Yasaswini,mallayasaswini2007@gmail.com,917386708405,Vignan institute of information technology 
AV_028,404 Founders,R. Ramya sri,ramyasriramayanapu@gmail.com,916302356369,Vignan's Institute of information technology 
AV_029,Hacknova,Rapeti Jahnavi,jahnavirapeti23@gmail.com,918688027410,Vignan's institute of engineering for women's
AV_030,Team Spidey,P Chaitanya,patibhanuchaitanya@gmail.com,919381954229,Gayatri Vidya parishad college for degree and pg courses 
AV_031,Spider Man - No Way To Bugs,G Tejasri,manoj.danny2005@gmail.com,918341942906,Maharaj Vijayaram Gajapathi Raj College of Engineering (Autonomous)
AV_032,SM2H,Sanjana pathi,sanjanapathi12@gmail.com,918309635535,Vignan 
AV_033,KnowledgeX,KARANAM JASWANTHI,25l31a1269@gmail.com,918639923152,Vignan Institute of Information Technology 
AV_034,Gen Z Devs,Sophiya Tabassum,sophieeee1910@gmail.com,919441141970,Vignan's Institute of Engineering for Women
AV_035,Blazers,M.Tausif,tausifmohammed52@gmail.com,917601098226,Bapatla Engineering Collage
AV_036,Cyber knights,Maradana Greeshma Sri Vennela,greeshmasrivennela@gmail.com,919502651981,Vignan's institute of engineering for women 
AV_037,Nova4future,P. Uma Poojitha,umapoojitha1009@gmail.com,918309363896,Vignan's Institute of Engineering for Women
AV_038,EVOLVIX,DATTI DURGA LAKSHMI NANDHITHA,nandithaddl2007@gmail.com,917013777985,"Vignan's Institute of Information Technology, Vignan's Institute of Engineering for Women "
AV_039,AuraBuilt,KOSURU CHIDANANDH,chidanandhkosuru17@gmail.com,916304946175,Anil Neerukonda Institute of Technology & Sciences
AV_040,Quantix,SP. Aishwarya Tanmai,satyendranath.ksnc@gmail.com,918309866435,GVP
AV_041,FRIDAY DEVELOPERS,P.BHARGAVI,perapubhargavi219@gmail.com,919177218178,VIGNANS INSTITUTE OF ENGINEERING FOR WOMEN
AV_042,Hackie Chan,Nakkella Keerthana,keerthananakkella777@gmail.com,918096770736,Vignan's Institute of Information Technology 
AV_043,Code Avengers,Sonthi SriSeshanjali,sonthisriseshanjali@gmail.com,919491662259,Gayatri Vidya parishad college of engineering 
AV_044,HackOps,Shahzad Shamsher,shahzadshamsher06@gmail.com,918639499415,Vignans Institute of Information Technology
AV_045,Techveda,Ch. Jyotsna,chilakalapudijyoshna834@gmail.com,916281773047,Vignan's Institute of Information Technology
AV_046,Code titans,D.Varshini,varshinidarla3@gmail.com,917013277730,Vignan institute of information technology 
AV_047,WhyNot,Kadali Keerthika,kadalisiri3@gmail.com,918639083233,Vignan's institute of information technology 
AV_048,Apexcoders,CHINAGUDABA DIVAKAR,divakar.chinagudaba.26@gmail.com,919908530923,Raghu engineering college 
AV_049,Asthras,Palla Trishank,trishankpalla1@gmail.com,919346877689,VIGNANA INSTITUTE OF INFORMATION TECHNOLOGY 
AV_050,INNOVATRIX,K. MOHAN GOWRI,mohangowri8169@gmail.com,919494803734,VIGNAN INSTITUTE OF INFORMATION TECHNOLOGY
AV_051,COGNIVEX,PEDIREDLA GREESHMA,greeshmapediredla@gmail.com,918121386379,VIGNAN INSTITUTE OF INFORMATION TECHNOLOGY 
AV_052,Runtime Terrors,Podugu Prem Sai,premcreationsforyou28@gmail.com,917330837499,Vignan's Institute Of Information Technology
AV_053,Nexora,Harshini Reddipalli,reddipalliharshini@gmail.com,918341486944,Vignan's Institute of Information Technology 
AV_054,The hack Panthers,Indeti Joel,jeevaratnamgudala@gmail.com,919392938294,Vignan Institute of Information and technology 
AV_055,JASP,Jai kishan,srijarayudu10@gmail.com,6303895807,Vignan's Institute of Information Technology
AV_056,TEAM FANTASTIC 4,M.ROHAN PRABHASH,rohanprabhashm@gmail.com,917075801545,lendi institute of engineering and technology
AV_057,Sparktech,K. Charan,kscharan2008@gmail.com,7032673457,Vignan istitute of information technology 
AV_058,Innovision,Mallipudi Naveen Raju,naveenrajumallipudi@gmail.com,917995630591,Vignan institution of Information Technology 
AV_059,Jarvis,manoj ch,manojchakka47@gmail.com,919573045472,Vignan's institute of information technology 
AV_060,WebMind,Sai Viswajith,saiviswa181@gmail.com,919505612615,VIIT
AV_061,Innov8ive,Raghavendra Peela,peelaraghavendra2005@gmail.com,918639575207,Vignan institute of information technology
AV_062,Vidyora,Mohammad Rubina Sultana,sultanarubina209@gmail.com,919515760557,Andhra University College Of Engineering For Women 
AV_063,QUESTIONARIES,BHUPATHIRAJU MONICA,mschandanabh@gmail.com,917207823278,VIGNAN'S INSTITUTE OF INFORMATION TECHNOLOGY 
AV_064,DYNAMITE,Uday Kumar Runkana,udayrunkana@gmail.com,916005910239,Lendi institute of engineering and technology 
AV_065,TourNexa,M.Chandrika,lallichandu329@gmail.com,917842242922,Vignan Institute of Technology (Duvvada)
AV_066,HackStone,Medapati Sai Kumar,saikumarmkumar1@gmail.com,916300737141,Vignan's institute of information technology 
AV_067,Tech vibe,KANDI HEMA LATHA,kandihema563@gmail.com,919391744814,Vignan institute of information technology 
AV_068,Four Brainrots,Tanna Dusyanth,dushyanthtanna@gmail.com,917675993371,Vignan's Institute of Information Technology 
AV_069,Project -K,D. bharatwaj,maheshmahi142507@gmail.com,918179928197,Vignan institute of information and technology 
AV_070,Code & Confusion,Likhitha,likhitha.yeruva.08@gmail.com,919391242656,Vignan's Institute Of information technology 
AV_071,Creative tech brains,Y. Ch. Srivalli,srivalliyerubandi6@gmail.com,918179973735,Vignan's institute of information technology 
AV_072,Team Nexus,V Pranavi,pranavi24122007@gmail.com,919676073421,Andhra University College of Engineering(AUCE)
AV_073,Synapse,Majji Jeevan Sai,jeevansaimajji@gmail.com,919391936673,Vignan's Institute of Information technology 
AV_074,Mile Zero,Nishanth Varma,nishanthvarma2007@gmail.com,919391152853,Vignan's Institute Of Information Technology 
AV_075,Hack Warriors,Chadaram Hemasree,hemasree.chadaram@gmail.com,918106661748,Vignan Institute of Engineering for Women's 
AV_076,Learners,Yaswanth,umeshmalla199@gmail.com,918374243523,Vignan
AV_077,SAPTA learn,P Gowrisri,pgowrisri7@gmail.com,917660964413,Vignan institute of information of technology
AV_078,Terminal bots,Vanjarapu Eswara Vara Prasad,vanjarapueswar123@gmail.com,916304228177,Vignan's institute of information technology 
AV_079,ROUTEX,Pathakamsetty jhansi,jhansisai3009@gmail.com,919246801164,Lendi institute of engineering and technology 
AV_080,ORQESTRA,M.SANTOSH,santoshmodekruthi4@gmail.com,919866060720,Vignan's Institute of Information Technology
AV_081,SPEAR HEADS,NAMBARU BHARATH NAGA SAI,nambarubharath@gmail.com,9121999396,Vignan's institute of information technology  
AV_082,Denvix,Silaparasitti jyoshna,jyoshnasilaparasitti@gmail.com,919666333658,Vignan's Institute of engineering for women 
AV_083,NextGen,Murthy,murthy6440@gmail.com,919652846633,Vignan's Institute of information and technology 
AV_084,CTRL Freaks,B.Manoj Kumar,manojkumarb1818@gmail.com,919381933064,VIGNAN'S INSTITUTE OF INFORMATION TECHNOLOGY 
AV_085,HackX,Merupula Rohith Sai,rohithsaimerupula01@gmail.com,919014123748,Vignan's Institute of information Technology
AV_086,ASTRA,KARRI SURYA TEJA,mohantarak1234@gmail.com,918247516151,VIGNAN's INSTITUTE OF INFORMATION TECHNOLOGY
AV_087,PHEONIX,P V N Dhanunjay Reddy,dhanunjayreddy905@gmail.com,918919913605,Andhra University 
AV_088,Team Lumora,J.sri vaishnavi,jsrivaishnavi07@gmail.com,6305085366,Vignan institute of information technology 
AV_089,Quantum Syndicate,Golagani Leneth Kumar,glenethkumar2006@gmail.com,917981669293,VIIT
AV_090,Innosphere,Pasala Yakshita,yakshitapasala1@gmail.com,918341581607,Vignan's institute of technology technology 
AV_091,InnovateX,Vusirika Jnaneswara Venkata Sri Nageswara Rao,jnaneshvusirika@gmail.com,919949668590,Lendi Institute Of Engineering and Technology 
AV_092,Dil Pasand,Ravikanthi Venkata Sai Saketh,ravikanthi.saisaketh@gmail.com,919392686106,Lendi Institute of Engineering and Technology 
AV_093,Brain Byte,A.Chamdeep,arnipallichamdeep@gmail.com,7386080890,Vignan's Institute of technology  
AV_094,SolviX,I . Leela Vallika ,leelavallikaimandi1296@gmail.com,,Vignan's institute of information technology 
AV_095,500 internal error,ARIPAKA NAVYA,aripakanavya5@gmail.com,,Vignan's Institute of Information Technology 
AV_096,Tech coders,Paila Venkatesh,venkateshpaila72@gmail.com,,Gayatri Vidya Parishad College of Engineering. 
AV_097,Village Visionaries,KEERTHANA.PORAPU,jayakkeerthanaa05@gmail.com,7386594195,Vignan's Institute of information technology   
AV_098,TEAM SPIRIT,YESWANTH GUDIPATI ,yeswanthgudipati@gmail.com,,NADIMPALLI SATYANARAYANA RAJU INSTITUTE OF TECHNOLOGY [NSRIT]
AV_099,CodeCanopy,M.D.S.Seershika,mantriseershika29@gmail.com,,Gayatri Vidya Parishad college of engineering for women 
AV_100,Team Null,Yalla Raman Das Rooney,y.rooney.it@gmail.com,,Vignan 